material,landfill,recycle,compost,combust,source_reduction,source,needs_human_check,warm_material
aluminum_cans,0.020254519141196047,-9.127378162105622,,0.03443222054502572,-4.799452726904927,WARM_v16_xls,false,Aluminum Cans
steel_cans,0.020254519141196047,-1.8320754180112897,,-1.5909481529405463,-3.027471662360841,WARM_v16_xls,false,Steel Cans
copper_wire,0.020254519141196047,-4.488828491750301,,0.029687293145218514,-6.721928991959251,WARM_v16_xls,false,Copper Wire
glass,0.020254519141196047,-0.2760901764592596,,0.02684033670533419,-0.530820874316884,WARM_v16_xls,false,Glass
hdpe,0.020254519141196047,-0.7584501948193252,,1.2859190946453891,-1.4192980914359248,WARM_v16_xls,false,HDPE
ldpe,0.020254519141196047,,,1.294118329192256,-1.795508578745541,WARM_v16_xls,false,LDPE
pet,0.020254519141196047,-1.0357206316437553,,1.2416663572872335,-2.1729152901086737,WARM_v16_xls,false,PET
corrugated_containers,0.18162984857485934,-3.1353369086789917,,-0.48903030248074875,-5.575208316082944,WARM_v16_xls,false,Corrugated Containers
magazines,-0.4268442093988676,-3.06969993959657,,-0.3535151759422549,-8.566228895806027,WARM_v16_xls,false,Magazines/third-class mail
newspaper,-0.8461388148391911,-2.70827152821093,,-0.5578886889067509,-4.677236526027995,WARM_v16_xls,false,Newspaper
office_paper,1.1338746968208027,-2.8637458899895774,,-0.4705820247502983,-7.94895899216696,WARM_v16_xls,false,Office Paper
phonebooks,-0.8461388148391911,-2.6222802143476724,,-0.5578886889067509,-6.165082635889792,WARM_v16_xls,false,Phonebooks
textbooks,1.1338746968208027,-3.1044786327343226,,-0.4705820247502983,-9.023763926715757,WARM_v16_xls,false,Textbooks
dimensional_lumber,-0.9234079689171634,-1.6595759283861717,,-0.5844602823456714,-2.1129433194407268,WARM_v16_xls,false,Dimensional Lumber
medium_density_fiberboard,-0.8538867821502174,,,-0.5844602823456714,-3.0454111003886863,WARM_v16_xls,false,Medium-density Fiberboard
structural_steel,0.020254519141196047,-1.9288102239875635,,,-1.6682402580960147,WARM_v16_xls,false,Structural Steel
food_waste,0.5014622340279833,,-0.15213492335194,-0.13426157065196354,-3.6597480795437827,WARM_v16_xls,false,Food Waste
food_waste_non_meat,0.5020869568523579,,-0.15213492335194,-0.13426157065196354,-0.761052089095053,WARM_v16_xls,false,Food Waste (non-meat)
food_waste_meat,0.46339271526250747,,-0.15213492335194,-0.13426157065196354,-15.102290225561314,WARM_v16_xls,false,Food Waste (meat only)
beef,0.4304426659323369,,-0.15213492335194,-0.13426157065196354,-30.086331335538,WARM_v16_xls,false,Beef
poultry,0.4912112802717651,,-0.15213492335194,-0.13426157065196354,-2.4517925725092473,WARM_v16_xls,false,Poultry
grains,1.373269084702389,,-0.15213492335194,-0.13426157065196354,-0.6212180420050419,WARM_v16_xls,false,Grains
bread,0.9925523485720484,,-0.15213492335194,-0.13426157065196354,-0.6575061385044213,WARM_v16_xls,false,Bread
fruits_and_vegetables,0.228626887119319,,-0.15213492335194,-0.13426157065196354,-0.44108924773101815,WARM_v16_xls,false,Fruits and Vegetables
dairy_products,0.4808020050191987,,-0.15213492335194,-0.13426157065196354,-1.7517932330248354,WARM_v16_xls,false,Dairy Products
yard_trimmings,-0.20051974151841304,,-0.10590613724308875,-0.16690667116263708,,WARM_v16_xls,false,Yard Trimmings
grass,0.1157487405734986,,-0.10590613724308875,-0.16690667116263708,,WARM_v16_xls,false,Grass
leaves,-0.5338629284197376,,-0.10590613724308875,-0.16690667116263708,,WARM_v16_xls,false,Leaves
branches,-0.536062587835046,,-0.10590613724308875,-0.16690667116263708,,WARM_v16_xls,false,Branches
mixed_paper,0.07470296200674445,-3.5455235990647034,,-0.49102544955381977,-6.073726868064406,WARM_v16_xls,false,Mixed Paper (general)
mixed_paper_residential,0.015061573769341717,-3.5455235990647034,,-0.48873345982261684,-6.000101956994377,WARM_v16_xls,false,Mixed Paper (primarily residential)
mixed_paper_office,0.11358720066488817,-3.5796025767975275,,-0.4476947725387802,-7.365426905783641,WARM_v16_xls,false,Mixed Paper (primarily from offices)
mixed_metals,0.020254519141196047,-4.39116067379307,,-1.020788545487492,-3.6490566431171434,WARM_v16_xls,false,Mixed Metals
mixed_plastics,0.020254519141196047,-0.9255234067519946,,1.259253983673167,-1.8734007624310425,WARM_v16_xls,false,Mixed Plastics
mixed_recyclables,0.03418577667264002,-2.8009509451764503,,-0.4246928837734306,,WARM_v16_xls,false,Mixed Recyclables
mixed_organics,0.15807392806431295,,-0.13040739388077993,-0.14948571960737767,,WARM_v16_xls,false,Mixed Organics
mixed_msw,0.30922398376646776,,,0.009154222804641399,,WARM_v16_xls,false,Mixed MSW
carpet,0.020254519141196047,-2.381600180016837,,1.0980672100751245,-3.6831269309259898,WARM_v16_xls,false,Carpet
desktop_cpus,0.020254519141196047,-1.4868382376024454,,-0.6589594021146855,-20.86419600973481,WARM_v16_xls,false,Desktop CPUs
portable_electronic_devices,0.020254519141196047,-1.0617686307750867,,0.6541539935737422,-29.834297794910995,WARM_v16_xls,false,Portable Electronic Devices
flat_panel_displays,0.020254519141196047,-0.9922702860586269,,0.02531041529554326,-24.194600105982435,WARM_v16_xls,false,Flat-Panel Displays
crt_displays,0.020254519141196047,-0.5695442489123481,,0.4486828705364111,,WARM_v16_xls,false,CRT Displays
electronic_peripherals,0.020254519141196047,-0.36434580220643786,,2.081923239853231,-10.316002191792363,WARM_v16_xls,false,Electronic Peripherals
hard_copy_devices,0.020254519141196047,-0.5574237748375712,,1.1984833170760558,-7.646134641229953,WARM_v16_xls,false,Hard-Copy Devices
mixed_electronics,0.020254519141196047,-0.9038615759580324,,0.3407135644403154,-20.791713261664754,WARM_v16_xls,false,Mixed Electronics
clay_bricks,0.020254519141196047,,,,-0.2668114816487859,WARM_v16_xls,false,Clay Bricks
concrete,0.020254519141196047,-0.007991560669099028,,,,WARM_v16_xls,false,Concrete
fly_ash,0.020254519141196047,-0.8652861836606027,,,,WARM_v16_xls,false,Fly Ash
tires,0.020254519141196047,-0.37630348405859365,,0.4998102169986687,-4.298811233074533,WARM_v16_xls,false,Tires
asphalt_concrete,0.020254519141196047,-0.08092983093077562,,,-0.1109365088230227,WARM_v16_xls,false,Asphalt Concrete
asphalt_shingles,0.020254519141196047,-0.08987534641693365,,-0.3546165903179407,-0.18994168948972495,WARM_v16_xls,false,Asphalt Shingles
drywall,-0.061041329359337294,0.02608665626869755,,,-0.21543021258138986,WARM_v16_xls,false,Drywall
fiberglass_insulation,0.020254519141196047,,,,-0.377296630111613,WARM_v16_xls,false,Fiberglass Insulation
vinyl_flooring,0.020254519141196047,,,-0.3079745111589992,-0.5834375357203866,WARM_v16_xls,false,Vinyl Flooring
wood_flooring,-0.8592610862888036,-3.6849344170172293,,-0.7408217072548903,-4.112919990262885,WARM_v16_xls,false,Wood Flooring
aluminum_ingot,0.020254519141196047,-7.203664917822339,,0.03443222054502572,-7.477284567446883,WARM_v16_xls,false,Aluminum Ingot
pla,-1.642615109278804,,-0.13040739388077993,-0.6262894300233282,-2.4528916331677815,WARM_v16_xls,false,PLA
lldpe,0.020254519141196047,,,1.2888799293428685,-1.575798913594386,WARM_v16_xls,false,LLDPE
pp,0.020254519141196047,-0.7937483912033478,,1.2887280916660748,-1.5248004300239186,WARM_v16_xls,false,PP
ps,0.020254519141196047,,,1.651553194272934,-2.4996318935816175,WARM_v16_xls,false,PS
pvc,0.020254519141196047,,,0.6638632425755793,-1.9251482239214053,WARM_v16_xls,false,PVC
